Country,photo
China,220
China,124
China,105
China,56
China,89
China,71
China,82
China,75
China,63
China,41
China,49
China,29
China,26
China,25
China,21
China,23
China,40
China,29
China,28
Belgium,14
Belgium,30
Belgium,30
Belgium,28
Belgium,10
Belgium,11
Belgium,15
Belgium,11
Belgium,11
Belgium,10
Belgium,17
Belgium,15
Belgium,8
Belgium,13
Belgium,6
Belgium,5
Belgium,4
Belgium,13
Belgium,10
Belgium,9
Nigeria,7
Nigeria,7
Nigeria,5
Nigeria,7
Nigeria,3
Nigeria,6
Nigeria,4
Nigeria,3
Nigeria,2
Nigeria,14
Nigeria,9
Nigeria,8
Nigeria,7
Nigeria,6
Nigeria,4
Nigeria,5
Nigeria,4
Nigeria,6
Nigeria,2
Nigeria,1
